{"cameraMode":{"drawMode":0,"name":"Shaded","section":"Shading Mode"},"sceneLighting":true,"audioPlay":false,"sceneViewState":{"showFog":true,"showMaterialUpdate":false,"showSkybox":true,"showFlares":true,"showImageEffects":true,"showParticleSystems":true},"in2DMode":false,"pivot":{"x":0.7659435272216797,"y":1.31979501247406,"z":5.244543552398682},"rotation":{"x":-0.009296384640038014,"y":-0.05487686023116112,"z":0.0005106181488372386,"w":-0.9984497427940369},"size":13.406551361083985,"orthographic":false}