{"cameraMode":{"drawMode":0,"name":"Shaded","section":"Shading Mode"},"sceneLighting":true,"audioPlay":false,"sceneViewState":{"showFog":true,"showMaterialUpdate":false,"showSkybox":true,"showFlares":true,"showImageEffects":true,"showParticleSystems":true},"in2DMode":false,"pivot":{"x":-0.7345600128173828,"y":-1.220047950744629,"z":3.8387508392333986},"rotation":{"x":0.07417839020490647,"y":-0.10838937014341355,"z":-0.008110844530165196,"w":-0.9913039803504944},"size":14.000717163085938,"orthographic":false}