{"cameraMode":{"drawMode":0,"name":"Shaded","section":"Shading Mode"},"sceneLighting":true,"audioPlay":false,"sceneViewState":{"showFog":true,"showMaterialUpdate":false,"showSkybox":true,"showFlares":true,"showImageEffects":true,"showParticleSystems":true},"in2DMode":false,"pivot":{"x":7.710000038146973,"y":3.390000104904175,"z":1.779998779296875},"rotation":{"x":0.1877649873495102,"y":0.12690144777297975,"z":-0.024470454081892968,"w":0.9736742973327637},"size":20.88262176513672,"orthographic":false}