{"cameraMode":{"drawMode":0,"name":"Shaded","section":"Shading Mode"},"sceneLighting":true,"audioPlay":false,"sceneViewState":{"showFog":true,"showMaterialUpdate":false,"showSkybox":true,"showFlares":true,"showImageEffects":true,"showParticleSystems":true},"in2DMode":false,"pivot":{"x":1253.81005859375,"y":957.5900268554688,"z":187.22105407714845},"rotation":{"x":0.021000545471906663,"y":0.00209740805439651,"z":-0.000042883926653303206,"w":0.9997772574424744},"size":73.55632781982422,"orthographic":false}