{"cameraMode":{"drawMode":0,"name":"Shaded","section":"Shading Mode"},"sceneLighting":true,"audioPlay":false,"sceneViewState":{"showFog":true,"showMaterialUpdate":false,"showSkybox":true,"showFlares":true,"showImageEffects":true,"showParticleSystems":true},"in2DMode":false,"pivot":{"x":257.5054016113281,"y":108.18303680419922,"z":2309.106201171875},"rotation":{"x":-0.23944006860256196,"y":-0.14268679916858674,"z":0.035600531846284869,"w":-0.959709107875824},"size":1582.8782958984375,"orthographic":false}