{"cameraMode":{"drawMode":0,"name":"Shaded","section":"Shading Mode"},"sceneLighting":true,"audioPlay":false,"sceneViewState":{"showFog":true,"showMaterialUpdate":false,"showSkybox":true,"showFlares":true,"showImageEffects":true,"showParticleSystems":true},"in2DMode":false,"pivot":{"x":2.8799991607666017,"y":-2.5,"z":1.779998779296875},"rotation":{"x":0.23726902902126313,"y":0.05882883444428444,"z":-0.014395225793123246,"w":0.9695543050765991},"size":24.693710327148439,"orthographic":false}