{"cameraMode":{"drawMode":0,"name":"Shaded","section":"Shading Mode"},"sceneLighting":true,"audioPlay":false,"sceneViewState":{"showFog":true,"showMaterialUpdate":false,"showSkybox":true,"showFlares":true,"showImageEffects":true,"showParticleSystems":true},"in2DMode":false,"pivot":{"x":3.3967947959899904,"y":1.605186939239502,"z":6.039336681365967},"rotation":{"x":0.1877649873495102,"y":0.12690144777297975,"z":-0.024470454081892968,"w":0.9736742973327637},"size":10.643922805786133,"orthographic":false}